<?xml version="1.0" encoding="UTF-8"?>

<!-- * PopulateDatabase.xml * * Copyright (C) 2018 Universidad de Sevilla 
	* * The use of this project is hereby constrained to the conditions of the 
	* TDG Licence, a copy of which you may download from * http://www.tdg-seville.info/License.html -->

<beans xmlns="http://www.springframework.org/schema/beans"
	xmlns:xsi="http://www.w3.org/2001/XMLSchema-instance"
	xsi:schemaLocation="
	http://www.springframework.org/schema/beans http://www.springframework.org/schema/beans/spring-beans.xsd
	">

	<!-- User accounts -->

	<bean id="userAccount1" class="security.UserAccount">
		<property name="username" value="admin" />
		<property name="password" value="21232f297a57a5a743894a0e4a801fc3" />
		<property name="authorities">
			<list>
				<bean class="security.Authority">
					<property name="authority" value="ADMIN" />
				</bean>
			</list>
		</property>
	</bean>

	<bean id="userAccount2" class="security.UserAccount">
		<property name="username" value="admin1" />
		<property name="password" value="e00cf25ad42683b3df678c61f42c6bda" />
		<property name="authorities">
			<list>
				<bean class="security.Authority">
					<property name="authority" value="ADMIN" />
				</bean>
			</list>
		</property>
	</bean>

	<bean id="userAccount3" class="security.UserAccount">
		<property name="username" value="admin2" />
		<property name="password" value="c84258e9c39059a89ab77d846ddab909" />
		<property name="authorities">
			<list>
				<bean class="security.Authority">
					<property name="authority" value="ADMIN" />
				</bean>
			</list>
		</property>
	</bean>

	<bean id="userAccount4" class="security.UserAccount">
		<property name="username" value="admin3" />
		<property name="password" value="32cacb2f994f6b42183a1300d9a3e8d6" />
		<property name="authorities">
			<list>
				<bean class="security.Authority">
					<property name="authority" value="ADMIN" />
				</bean>
			</list>
		</property>
	</bean>


	<bean id="userAccount5" class="security.UserAccount">
		<property name="username" value="customer2" />
		<property name="password" value="5ce4d191fd14ac85a1469fb8c29b7a7b" />
		<property name="authorities">
			<list>
				<bean class="security.Authority">
					<property name="authority" value="CUSTOMER" />
				</bean>
			</list>
		</property>
	</bean>

	<bean id="userAccount6" class="security.UserAccount">
		<property name="username" value="customer3" />
		<property name="password" value="033f7f6121501ae98285ad77f216d5e7" />
		<property name="authorities">
			<list>
				<bean class="security.Authority">
					<property name="authority" value="CUSTOMER" />
				</bean>
			</list>
		</property>
	</bean>

	<bean id="userAccount7" class="security.UserAccount">
		<property name="username" value="Pablito" />
		<property name="password" value="d7120c8eaebccfff3fb1b01fd6bf43aa" />
		<property name="authorities">
			<list>
				<bean class="security.Authority">
					<property name="authority" value="CUSTOMER" />
				</bean>
			</list>
		</property>
	</bean>


	<bean id="userAccount8" class="security.UserAccount">
		<property name="username" value="Maria" />
		<property name="password" value="cbc19b07662418d5f14cc55657295924" />
		<property name="authorities">
			<list>
				<bean class="security.Authority">
					<property name="authority" value="CUSTOMER" />
				</bean>
			</list>
		</property>
	</bean>



	<bean id="userAccount9" class="security.UserAccount">
		<property name="username" value="referee" />
		<property name="password" value="4f200dd50f7bcac8a64683b771700afb" />
		<property name="authorities">
			<list>
				<bean class="security.Authority">
					<property name="authority" value="REFEREE" />
				</bean>
			</list>
		</property>
	</bean>

	<bean id="userAccount10" class="security.UserAccount">
		<property name="username" value="referee1" />
		<property name="password" value="092d469d0a71c8002e32f808b861f9a4" />
		<property name="authorities">
			<list>
				<bean class="security.Authority">
					<property name="authority" value="REFEREE" />
				</bean>
			</list>
		</property>
	</bean>

	<bean id="userAccount11" class="security.UserAccount">
		<property name="username" value="referee4" />
		<property name="password" value="3501119d221d2f5090baf7cb5649df47" />
		<property name="authorities">
			<list>
				<bean class="security.Authority">
					<property name="authority" value="REFEREE" />
				</bean>
			</list>
		</property>
	</bean>



	<bean id="userAccount12" class="security.UserAccount">
		<property name="username" value="sponsor" />
		<property name="password" value="08391c959fc8bd0b672c596c4d6bcdcd" />
		<property name="authorities">
			<list>
				<bean class="security.Authority">
					<property name="authority" value="SPONSOR" />
				</bean>
			</list>
		</property>
	</bean>

	<bean id="userAccount13" class="security.UserAccount">
		<property name="username" value="sponsor1" />
		<property name="password" value="42c63ad66d4dc07ed17753772bef96d6" />
		<property name="authorities">
			<list>
				<bean class="security.Authority">
					<property name="authority" value="SPONSOR" />
				</bean>
			</list>
		</property>
	</bean>

	<bean id="userAccount14" class="security.UserAccount">
		<property name="username" value="sponso23r" />
		<property name="password" value="f4794f39344eaef22956448545c8e130" />
		<property name="authorities">
			<list>
				<bean class="security.Authority">
					<property name="authority" value="SPONSOR" />
				</bean>
			</list>
		</property>
	</bean>

	<bean id="userAccount15" class="security.UserAccount">
		<property name="username" value="sponsor56" />
		<property name="password" value="5ed560560c7873b769a5638f1e87a872" />
		<property name="authorities">
			<list>
				<bean class="security.Authority">
					<property name="authority" value="SPONSOR" />
				</bean>
			</list>
		</property>
	</bean>

	<bean id="userAccount16" class="security.UserAccount">
		<property name="username" value="handyWorker" />
		<property name="password" value="c0d552cb3d9e82b876e3031945305576" />
		<property name="authorities">
			<list>
				<bean class="security.Authority">
					<property name="authority" value="HANDYWORKER" />
				</bean>
			</list>
		</property>
	</bean>

	<bean id="userAccount17" class="security.UserAccount">
		<property name="username" value="handyWorker2" />
		<property name="password" value="118ad5acc8ff3ea8006c280b310cd492" />
		<property name="authorities">
			<list>
				<bean class="security.Authority">
					<property name="authority" value="HANDYWORKER" />
				</bean>
			</list>
		</property>
	</bean>

	<bean id="userAccount18" class="security.UserAccount">
		<property name="username" value="handyWorker3" />
		<property name="password" value="c210fdd660ad5034b88ad8bb9c135c26" />
		<property name="authorities">
			<list>
				<bean class="security.Authority">
					<property name="authority" value="HANDYWORKER" />
				</bean>
			</list>
		</property>
	</bean>

	<bean id="userAccount19" class="security.UserAccount">
		<property name="username" value="Robert" />
		<property name="password" value="4ffe35db90d94c6041fb8ddf7b44df29" />
		<property name="authorities">
			<list>
				<bean class="security.Authority">
					<property name="authority" value="HANDYWORKER" />
				</bean>
			</list>
		</property>
	</bean>

	<bean id="userAccount20" class="security.UserAccount">
		<property name="username" value="Indi@" />
		<property name="authorities">
			<list>
				<bean class="security.Authority">
					<property name="authority" value="HANDYWORKER" />
				</bean>
			</list>
		</property>
	</bean>


	<!-- ProfilesSocialNetwork -->

	<bean id="profileSocialNetwork1" class="domain.ProfileSocialNetwork">
		<property name="nickName" value="Frank Cuesta" />
		<property name="nameSocialNetwork" value="twitter" />
		<property name="linkProfile" value="https://twitter.com/Frank_Cuesta" />
	</bean>

	<bean id="profileSocialNetwork2" class="domain.ProfileSocialNetwork">
		<property name="nickName" value="Leo Messi" />
		<property name="nameSocialNetwork" value="facebook" />
		<property name="linkProfile" value="https://es-es.facebook.com/leomessi/" />
	</bean>

	<bean id="profileSocialNetwork3" class="domain.ProfileSocialNetwork">
		<property name="nickName" value="Antonio" />
		<property name="nameSocialNetwork" value="facebook" />
		<property name="linkProfile" value="https://es-la.facebook.com/ArthurPBS/" />
	</bean>


	<!-- MessageBox -->
	<bean id="messageBox1" class="domain.MessageBox">
		<property name="name" value="Spam box" />
		<property name="messages">
			<list>
				<ref bean="message1" />
			</list>
		</property>
		<property name="actor" ref="customer1" />
	</bean>

	<bean id="messageBox2" class="domain.MessageBox">
		<property name="name" value="Trash box" />
		<property name="messages">
			<list>
				<ref bean="message1" />
			</list>
		</property>
		<property name="actor" ref="customer1" />
	</bean>

	<bean id="messageBox3" class="domain.MessageBox">
		<property name="name" value="Out box" />
		<property name="messages">
			<list>
				<ref bean="message1" />
			</list>
		</property>
		<property name="actor" ref="administrator1" />
	</bean>

	<bean id="messageBox4" class="domain.MessageBox">
		<property name="name" value="Out box" />
		<property name="messages">
			<list>

			</list>
		</property>
		<property name="actor" ref="customer1" />
	</bean>

	<bean id="messageBox5" class="domain.MessageBox">
		<property name="name" value="Mensajes del trabajo" />
		<property name="messages">
			<list>
				<ref bean="message2" />
			</list>
		</property>
		<property name="actor" ref="customer1" />
	</bean>

	<bean id="messageBox6" class="domain.MessageBox">
		<property name="name" value="In box" />
		<property name="messages">
			<list>
				<ref bean="message2" />
			</list>
		</property>
		<property name="actor" ref="customer3" />
	</bean>

	<bean id="messageBox7" class="domain.MessageBox">
		<property name="name" value="Spam box" />
		<property name="messages">
			<list>
				<ref bean="message2" />
			</list>
		</property>
		<property name="actor" ref="customer3" />
	</bean>

	<!-- Message -->
	<bean id="message1" class="domain.Message">
		<property name="moment" value="05/06/2018 12:34" />
		<property name="subject" value="Subject1" />
		<property name="body"
			value="Este es un mensaje que estoy escribiendo para popular la base de datos" />
		<property name="priority" value="1" />
		<property name="tag" value="tag" />
		<property name="sender" ref="customer1" />
		<property name="receiver" ref="customer2" />
		<property name="emailReceiver" value="cristian@hotmail.com" />
	</bean>

	<bean id="message2" class="domain.Message">
		<property name="moment" value="05/08/2018 16:34" />
		<property name="subject" value="Subject2" />
		<property name="body" value="Es mi cumpleaños" />
		<property name="priority" value="2" />
		<property name="tag" value="tag" />
		<property name="sender" ref="administrator1" />
		<property name="receiver" ref="handyWorker1" />
		<property name="emailReceiver" value="mirella@hotmail.com" />
		

	</bean>

	<!-- Word -->
	<bean id="word1" class="domain.Word">
		<property name="name" value="good" />
		<property name="value" value="0" />
	</bean>

	<bean id="word2" class="domain.Word">
		<property name="name" value="fantastic" />
		<property name="value" value="0" />
	</bean>

	<bean id="word3" class="domain.Word">
		<property name="name" value="excellent" />
		<property name="value" value="0" />
	</bean>

	<bean id="word4" class="domain.Word">
		<property name="name" value="bueno" />
		<property name="value" value="0" />
	</bean>

	<bean id="word5" class="domain.Word">
		<property name="name" value="excelente" />
		<property name="value" value="0" />
	</bean>

	<bean id="word6" class="domain.Word">
		<property name="name" value="not" />
		<property name="value" value="1" />
	</bean>

	<bean id="word7" class="domain.Word">
		<property name="name" value="bad" />
		<property name="value" value="1" />
	</bean>

	<bean id="word8" class="domain.Word">
		<property name="name" value="horrible" />
		<property name="value" value="1" />
	</bean>

	<bean id="word9" class="domain.Word">
		<property name="name" value="no" />
		<property name="value" value="1" />
	</bean>

	<!-- Category -->

	<bean id="parentCategory" class="domain.Category">
		<property name="name" value="CATEGORY" />
		<property name="parent" ref="parentCategory" />
		<property name="soon">
			<list>
				<ref bean="soonCategory1" />
			</list>
		</property>

	</bean>

	<bean id="soonCategory1" class="domain.Category">
		<property name="name" value="Lamp Repairs" />
		<property name="parent" ref="parentCategory" />
		<property name="soon">
			<null />
		</property>

	</bean>

	<bean id="soonCategory2" class="domain.Category">
		<property name="name" value="Moving" />
		<property name="parent" ref="parentCategory" />
		<property name="soon">
			<null />
		</property>
	</bean>

	<bean id="soonCategory3" class="domain.Category">
		<property name="name" value="Painting" />
		<property name="parent" ref="parentCategory" />
		<property name="soon">
			<list>
				<ref bean="soonCategory2" />
			</list>
		</property>
	</bean>
	<bean id="soonCategory4" class="domain.Category">
		<property name="name" value="Pest control" />
		<property name="parent" ref="soonCategory4" />
		<property name="soon">
			<null />
		</property>

	</bean>

	<bean id="soonCategory5" class="domain.Category">
		<property name="name" value="Lamps" />
		<property name="parent" ref="soonCategory1" />
		<property name="soon">
			<null />
		</property>

	</bean>

	<bean id="soonCategory6" class="domain.Category">
		<property name="name" value="Paint" />
		<property name="parent" ref="soonCategory3" />
		<property name="soon">
			<list>
				<ref bean="soonCategory7" />
			</list>
		</property>
	</bean>

	<bean id="soonCategory7" class="domain.Category">
		<property name="name" value="Brush" />
		<property name="parent" ref="soonCategory6" />
		<property name="soon">
			<list>
				<null />
			</list>
		</property>
	</bean>


	<!-- Administrators -->

	<bean id="administrator1" class="domain.Administrator">
		<property name="name" value="Cristian" />
		<property name="surname" value="Lorca" />
		<property name="middleName" value="" />
		<property name="photo" value="https://i.blogs.es/dcc721/url1/450_1000.jpg" />
		<property name="email" value="cristian@hotmail.com" />
		<property name="phone" value="+34 620510520" />
		<property name="address" value="SEVILLA" />
		<property name="numberSocialProfiles" value="3" />
		<property name="categories">
			<list>
				<ref bean="soonCategory2" />
			</list>
		</property>
		<property name="userAccount" ref="userAccount1" />
		<property name="profileSocialNetwork">
			<list>
				<ref bean="profileSocialNetwork1" />
			</list>
		</property>
	</bean>


	<bean id="administrator2" class="domain.Administrator">
		<property name="name" value="Mirella" />
		<property name="surname" value="Lorca" />
		<property name="email" value="mirella@hotmail.com" />
		<property name="phone" value="+34 620670520" />
		<property name="address" value="SEVILLA" />
		<property name="numberSocialProfiles" value="0" />
		<property name="categories">
			<list>

			</list>
		</property>
		<property name="userAccount" ref="userAccount2" />
		<property name="profileSocialNetwork">
			<list>
				<ref bean="profileSocialNetwork3" />
			</list>
		</property>
	</bean>

	<bean id="administrator3" class="domain.Administrator">
		<property name="name" value="Jose" />
		<property name="surname" value="Lorca" />
		<property name="email" value="jose@hotmail.com" />
		<property name="categories">
			<list>
				<ref bean="parentCategory" />
			</list>
		</property>
		<property name="userAccount" ref="userAccount3" />
	</bean>

	<bean id="administrator4" class="domain.Administrator">
		<property name="name" value="María Luisa" />
		<property name="surname" value="Pascual" />
		<property name="email" value="ml@hotmail.com" />
		<property name="phone" value="+34 676510520" />
		<property name="address" value="SEVILLA" />
		<property name="numberSocialProfiles" value="1" />
		<property name="categories">
			<list>
				<ref bean="soonCategory1" />
			</list>
		</property>
		<property name="userAccount" ref="userAccount4" />
		<property name="profileSocialNetwork">
			<list>
				<ref bean="profileSocialNetwork2" />
			</list>
		</property>
	</bean>

	<!-- SpamWord -->
	<bean id="spamWord1" class="domain.SpamWord">
		<property name="name" value="sex"></property>
	</bean>

	<bean id="spamWord2" class="domain.SpamWord">
		<property name="name" value="viagra"></property>
	</bean>

	<bean id="spamWord3" class="domain.SpamWord">
		<property name="name" value="cialis"></property>
	</bean>

	<bean id="spamWord4" class="domain.SpamWord">
		<property name="name" value="sexo"></property>
	</bean>

	<!-- CreditCardType -->
	<bean id="creditCardType1" class="domain.CreditCardType">
		<property name="brandName" value="VISA"></property>
	</bean>

	<bean id="creditCardType2" class="domain.CreditCardType">
		<property name="brandName" value="MASTER"></property>
	</bean>

	<bean id="creditCardType3" class="domain.CreditCardType">
		<property name="brandName" value="DINNERS"></property>
	</bean>

	<bean id="creditCardType4" class="domain.CreditCardType">
		<property name="brandName" value="AMEX"></property>
	</bean>

	<!-- CreditCard -->
	<bean id="creditCard1" class="domain.CreditCard">
		<property name="holderName" value="nombre1"></property>
		<property name="brandName" value="VISA"></property>
		<property name="number" value="123321"></property>
		<property name="expirationMonth" value="3"></property>
		<property name="expirationYear" value="2019"></property>
		<property name="CW" value="101"></property>
	</bean>

	<bean id="creditCard2" class="domain.CreditCard">
		<property name="holderName" value="nombre2"></property>
		<property name="brandName" value="VISA"></property>
		<property name="number" value="321123"></property>
		<property name="expirationMonth" value="5"></property>
		<property name="expirationYear" value="2020"></property>
		<property name="CW" value="201"></property>
	</bean>
	<bean id="creditCard3" class="domain.CreditCard">
		<property name="holderName" value="nombre3"></property>
		<property name="brandName" value="VISA"></property>
		<property name="number" value="321124"></property>
		<property name="expirationMonth" value="6"></property>
		<property name="expirationYear" value="2020"></property>
		<property name="CW" value="202"></property>
	</bean>
	<bean id="creditCard4" class="domain.CreditCard">
		<property name="holderName" value="nombre4"></property>
		<property name="brandName" value="VISA"></property>
		<property name="number" value="321126"></property>
		<property name="expirationMonth" value="2"></property>
		<property name="expirationYear" value="2022"></property>
		<property name="CW" value="203"></property>
	</bean>

	<!-- Sponsorship -->
	<bean id="sponsorship1" class="domain.Sponsorship">
		<property name="urlBanner" value="https://www.google.com/"></property>
		<property name="linkTargetPage" value="http://www.amazon.es"></property>
		<property name="creditCard" ref="creditCard1"></property>
		<property name="sponsor" ref="sponsor1"></property>
	</bean>

	<bean id="sponsorship2" class="domain.Sponsorship">
		<property name="urlBanner" value="https://www.google.com/"></property>
		<property name="linkTargetPage" value="http://www.ebay.com"></property>
		<property name="creditCard" ref="creditCard2"></property>
		<property name="sponsor" ref="sponsor2"></property>
	</bean>
	<bean id="sponsorship3" class="domain.Sponsorship">
		<property name="urlBanner" value="https://www.google.com/"></property>
		<property name="linkTargetPage" value="http://www.aliexpress.com"></property>
		<property name="creditCard" ref="creditCard3"></property>
		<property name="sponsor" ref="sponsor3"></property>
	</bean>
	<bean id="sponsorship4" class="domain.Sponsorship">
		<property name="urlBanner" value="https://www.google.com/"></property>
		<property name="linkTargetPage" value="http://www.facebook.com"></property>
		<property name="creditCard" ref="creditCard4"></property>
		<property name="sponsor" ref="sponsor4"></property>
	</bean>

	<!-- Sponsor -->
	<bean id="sponsor1" class="domain.Sponsor">
		<property name="name" value="Antonio" />
		<property name="surname" value="Segura" />
		<property name="email" value="antsegjim@hotmail.com" />
		<property name="userAccount" ref="userAccount12" />
	</bean>
	<bean id="sponsor2" class="domain.Sponsor">
		<property name="name" value="Homer" />
		<property name="surname" value="Simpson" />
		<property name="email" value="homer@hotmail.com" />
		<property name="userAccount" ref="userAccount13" />
	</bean>
	<bean id="sponsor3" class="domain.Sponsor">
		<property name="name" value="Bart" />
		<property name="surname" value="Simpson" />
		<property name="email" value="bart@hotmail.com" />
		<property name="userAccount" ref="userAccount14" />
	</bean>
	<bean id="sponsor4" class="domain.Sponsor">
		<property name="name" value="Lisa" />
		<property name="surname" value="Simpson" />
		<property name="email" value="lisa@hotmail.com" />
		<property name="userAccount" ref="userAccount15" />
	</bean>

	<!-- Warranty -->
	<bean id="warranty1" class="domain.Warranty">
		<property name="title" value="Garantía1" />
		<property name="terms">
			<list>
				<value>term1</value>
				<value>term2</value>
			</list>
		</property>
		<property name="laws">
			<list>
				<value>law1</value>
				<value>law2</value>
			</list>
		</property>
		<property name="draftMode" value="1"></property>
	</bean>

	<bean id="warranty2" class="domain.Warranty">
		<property name="title" value="Garantía2" />
		<property name="terms">
			<list>
				<value>term2.0</value>
				<value>term2.1</value>
			</list>
		</property>
		<property name="laws">
			<list>
				<value>law2.0</value>
				<value>law2.1</value>
			</list>
		</property>
		<property name="draftMode" value="1"></property>
	</bean>

	<bean id="warranty3" class="domain.Warranty">
		<property name="title" value="Garantía3" />
		<property name="terms">
			<list>
			</list>
		</property>
		<property name="laws">
			<list>
			</list>
		</property>
		<property name="draftMode" value="0"></property>
	</bean>

	<!-- Picture -->
	<bean id="picture1" class="domain.Picture">
		<property name="picture" value="https://goo.gl/images/BBstA5"></property>
	</bean>

	<bean id="picture2" class="domain.Picture">
		<property name="picture" value="https://goo.gl/images/C8yiYE"></property>
	</bean>

	<bean id="picture3" class="domain.Picture">
		<property name="picture" value="https://goo.gl/images/dLjah6"></property>
	</bean>

	<!-- Benas para que den errores <bean id="picture4" class="domain.Picture"> 
		<property name="picture" value=""></property> </bean> <bean id="picture5" 
		class="domain.Picture"> <property name="picture"> <null /></property> </bean> -->


	<!-- Section -->
	<bean id="section1" class="domain.Section">
		<property name="number" value="1"></property>
		<property name="title" value="Sección 1"></property>
		<property name="pieceOfText" value="Texto de prueba 1"></property>
	</bean>
	<bean id="section2" class="domain.Section">
		<property name="number" value="2"></property>
		<property name="title" value="Sección 2"></property>
		<property name="pieceOfText" value="texto de prueba 2"></property>
	</bean>
	<bean id="section3" class="domain.Section">
		<property name="number" value="3"></property>
		<property name="title" value="Sección 3"></property>
		<property name="pieceOfText" value=""></property>
	</bean>
	<bean id="section4" class="domain.Section">
		<property name="number" value="4"></property>
		<property name="title" value="Sección 4"></property>
		<property name="pieceOfText">
			<null />
		</property>
	</bean>
	<bean id="section5" class="domain.Section">
		<property name="number" value="5"></property>
		<property name="title" value="Sección 5"></property>
		<property name="pieceOfText">
			<null />
		</property>
	</bean>

	<!--Beans para que den fallos <bean id="section2" class="domain.Section"> 
		<property name="number"> <null /></property> <property name="title" value="Sección 
		2"></property> <property name="pieceOfText" value=""></property> </bean> -->


	<!-- PersonalRecord -->
	<bean id="personalRecord1" class="domain.PersonalRecord">
		<property name="nameHandyWorker" value="Raúl"></property>
		<property name="photo" value=""></property>
		<property name="email" value="raulrma97@gmail.com"></property>
		<property name="phone" value="+34 666666666"></property>
		<property name="linkedInProfile" value=""></property>
	</bean>
	<bean id="personalRecord2" class="domain.PersonalRecord">
		<property name="nameHandyWorker" value="Antonio"></property>
		<property name="photo" value=""></property>
		<property name="email" value="antonio@gmail.com"></property>
		<property name="phone" value="+100 666666662"></property>
		<property name="linkedInProfile" value=""></property>
	</bean>
	<bean id="personalRecord3" class="domain.PersonalRecord">
		<property name="nameHandyWorker" value="Cristian"></property>
		<property name="photo" value=""></property>
		<property name="email" value="cristian@gmail.com"></property>
		<property name="phone" value="+100 666666661"></property>
		<property name="linkedInProfile">
			<null />
		</property>
	</bean>


	<!-- ProfessionalRecord -->
	<bean id="professionalRecord1" class="domain.ProfessionalRecord">
		<property name="nameCompany" value="Amazon"></property>
		<property name="startDate" value="05/06/2017"></property>
		<property name="endDate">
			<null />
		</property>
		<property name="role" value="Ingeniero"></property>
		<property name="link" value=""></property>
		<property name="comments">
			<list>
				<value>Bien</value>
				<value>Mal</value>
			</list>
		</property>
	</bean>
	<bean id="professionalRecord2" class="domain.ProfessionalRecord">
		<property name="nameCompany" value="Aliexpress"></property>
		<property name="startDate" value="05/06/2017"></property>
		<property name="endDate" value="01/02/2018"></property>
		<property name="role" value="Analista"></property>
		<property name="link" value=""></property>
		<property name="comments">
			<list>
			</list>
		</property>
	</bean>
	<bean id="professionalRecord3" class="domain.ProfessionalRecord">
		<property name="nameCompany" value="Aliex"></property>
		<property name="startDate" value="05/06/2010"></property>
		<property name="endDate" value="01/02/2014"></property>
		<property name="role" value="Analista"></property>
		<property name="link" value=""></property>
		<property name="comments">
			<list>
				<value>NO</value>
			</list>
		</property>
	</bean>
	<bean id="professionalRecord4" class="domain.ProfessionalRecord">
		<property name="nameCompany" value="Tile Management"></property>
		<property name="startDate" value="06/06/2010"></property>
		<property name="endDate" value="02/02/2014"></property>
		<property name="role" value="Analista"></property>
		<property name="link" value=""></property>
		<property name="comments">
			<list>
				<value>Claro que no</value>
			</list>
		</property>
	</bean>

	<!-- Bean que dan error -->
	<!-- <bean id="professionalRecord3" class="domain.ProfessionalRecord"> <property 
		name="nameCompany" value="Aliexpress"></property> <property name="startDate"> 
		<null/> </property> <property name="endDate"> <null/> </property> <property 
		name="role" value="Analista"></property> <property name="link" value=""></property> 
		<property name="comments"> <list> </list> </property> </bean> -->


	<!-- MiscellaneousRecord -->
	<bean id="miscellaneousRecord1" class="domain.MiscellaneousRecord">
		<property name="title" value="titulo1"></property>
		<property name="link" value=""></property>
		<property name="comments">
			<list>
				<value>"Hola jesús"</value>
				<value>"Adios jesús"</value>
			</list>
		</property>
	</bean>
	<bean id="miscellaneousRecord2" class="domain.MiscellaneousRecord">
		<property name="title" value="titulo2"></property>
		<property name="link" value=""></property>
		<property name="comments">
			<list>
				<value>Hola cristian</value>
				<value>Adios cristian</value>
			</list>
		</property>
	</bean>
	<bean id="miscellaneousRecord3" class="domain.MiscellaneousRecord">
		<property name="title" value="titulo3"></property>
		<property name="link" value=""></property>
		<property name="comments">
			<list>
			</list>
		</property>
	</bean>
	<bean id="miscellaneousRecord4" class="domain.MiscellaneousRecord">
		<property name="title" value="titulo4"></property>
		<property name="link" value=""></property>
		<property name="comments">
			<list>
			</list>
		</property>
	</bean>


	<!-- EndorserRecord -->
	<bean id="endoserRecord1" class="domain.EndoserRecord">
		<property name="name" value="titulo1"></property>
		<property name="email" value="email1@gmail.com"></property>
		<property name="phoneNumber" value="+34 616161616"></property>
		<property name="linkedln" value=""></property>
		<property name="comments">
			<list>
				<value>Hola antonio</value>
				<value>Adios antonio</value>
			</list>
		</property>
	</bean>
	<bean id="endoserRecord2" class="domain.EndoserRecord">
		<property name="name" value="titulo2"></property>
		<property name="email" value="email2@gmail.com"></property>
		<property name="phoneNumber" value="+34 616161611"></property>
		<property name="linkedln" value=""></property>
		<property name="comments">
			<list>
				<value>Hola raúl</value>
				<value>Adios raúl</value>
			</list>
		</property>
	</bean>
	<bean id="endoserRecord3" class="domain.EndoserRecord">
		<property name="name" value="titulo3"></property>
		<property name="email" value="email3@gmail.com"></property>
		<property name="phoneNumber" value="+34 616161619"></property>
		<property name="linkedln" value=""></property>
		<property name="comments">
			<list>
			</list>
		</property>
	</bean>
	<bean id="endoserRecord4" class="domain.EndoserRecord">
		<property name="name" value="titulo4"></property>
		<property name="email" value="email4@gmail.com"></property>
		<property name="phoneNumber" value="+34 616161634"></property>
		<property name="linkedln" value=""></property>
		<property name="comments">
			<list>
			</list>
		</property>
	</bean>

	<!-- EducationRecord -->
	<bean id="educationRecord1" class="domain.EducationRecord">
		<property name="titleDiploma" value="titulo1"></property>
		<property name="startDate" value="01/02/2010"></property>
		<property name="endDate" value="01/02/2015"></property>
		<property name="institution" value="US"></property>
		<property name="link" value=""></property>
		<property name="comment">
			<list>
				<value>Está mal</value>
				<value>Está bien</value>
			</list>
		</property>
	</bean>
	<bean id="educationRecord2" class="domain.EducationRecord">
		<property name="titleDiploma" value="titulo2"></property>
		<property name="startDate" value="01/02/2011"></property>
		<property name="endDate">
			<null />
		</property>
		<property name="institution" value="UPO"></property>
		<property name="link" value=""></property>
		<property name="comment">
			<list>
				<value>Hola</value>
				<value>Adios</value>
			</list>
		</property>
	</bean>
	<bean id="educationRecord3" class="domain.EducationRecord">
		<property name="titleDiploma" value="titulo3"></property>
		<property name="startDate" value="01/02/2013"></property>
		<property name="endDate">
			<null />
		</property>
		<property name="institution" value="Carmen laffon"></property>
		<property name="link" value=""></property>
		<property name="comment">
			<list>
			</list>
		</property>
	</bean>
	<bean id="educationRecord4" class="domain.EducationRecord">
		<property name="titleDiploma" value="titulo4"></property>
		<property name="startDate" value="02/02/2013"></property>
		<property name="endDate">
			<null />
		</property>
		<property name="institution" value="Carmen laffon"></property>
		<property name="link" value=""></property>
		<property name="comment">
			<list>
			</list>
		</property>
	</bean>


	<!-- Bean para que de fallo -->
	<!-- <bean id="educationRecord4" class="domain.EducationRecord"> <property 
		name="titleDiploma" value="titulo2"></property> <property name="startDate"> 
		<null/> </property> <property name="endDate"> <null/> </property> <property 
		name="institution" value="UPO-SE"></property> <property name="link" value=""></property> 
		<property name="comment"> <list> <value>Hola</value> <value>Adios</value> 
		</list> </property> </bean> -->


	<!-- Curricula -->
	<bean id="curricula1" class="domain.Curricula">
		<property name="ticker" value="234567-ayh89f"></property>
		<property name="handyWorker" ref="handyWorker1"></property>
		<property name="educationsRecords">
			<list>
				<ref bean="educationRecord1" />
				<ref bean="educationRecord2" />
			</list>
		</property>
		<property name="endosersRecords">
			<list>
				<ref bean="endoserRecord1" />
				<ref bean="endoserRecord2" />
			</list>
		</property>
		<property name="miscellaneousRecords">
			<list>
				<ref bean="miscellaneousRecord1" />
				<ref bean="miscellaneousRecord2" />
			</list>
		</property>
		<property name="professionalsRecords">
			<list>
				<ref bean="professionalRecord1" />
				<ref bean="professionalRecord2" />
			</list>
		</property>
		<property name="personalRecord" ref="personalRecord1" />

	</bean>
	<bean id="curricula2" class="domain.Curricula">
		<property name="ticker" value="123457-gtcd76"></property>
		<property name="handyWorker" ref="handyWorker2"></property>
		<property name="educationsRecords">
			<list>
				<ref bean="educationRecord3" />
			</list>
		</property>
		<property name="endosersRecords">
			<list>
				<ref bean="endoserRecord3" />
			</list>
		</property>
		<property name="miscellaneousRecords">
			<list>
				<ref bean="miscellaneousRecord3" />
			</list>
		</property>
		<property name="professionalsRecords">
			<list>
				<ref bean="professionalRecord3" />
			</list>
		</property>
		<property name="personalRecord" ref="personalRecord2" />
	</bean>


	<!-- Referee -->
	<bean id="referee1" class="domain.Referee">

		<property name="name" value="Jesús" />
		<property name="middleName" value="" />
		<property name="surname" value="Elías" />
		<property name="photo" value="https://www.instagram.com/p/BpxFMjlgfsC/" />
		<property name="email" value="jesus@hotmail.com" />
		<property name="phone" value="+33 620410520" />
		<property name="address" value="Madrid" />
		<property name="numberSocialProfiles" value="3" />
		<property name="userAccount" ref="userAccount9" />

	</bean>

	<bean id="referee2" class="domain.Referee">

		<property name="name" value="Eduardo" />
		<property name="middleName" value="" />
		<property name="surname" value="Montes" />
		<property name="photo" value="https://www.instagram.com/p/BpxFMjlgfsC/" />
		<property name="email" value="edu@hotmail.com" />
		<property name="phone" value="+1 620556520" />
		<property name="address" value="BARCELONA" />
		<property name="numberSocialProfiles" value="3" />
		<property name="userAccount" ref="userAccount10" />

	</bean>

	<bean id="referee3" class="domain.Referee">

		<property name="name" value="Jose Antonio" />
		<property name="middleName" value="" />
		<property name="surname" value="Barrera" />
		<property name="photo" value="https://www.instagram.com/p/BpxFMjlgfsC/" />
		<property name="email" value="fornite@hotmail.com" />
		<property name="phone" value="+34 620545620" />
		<property name="address" value="ARAHAL" />
		<property name="numberSocialProfiles" value="1" />
		<property name="userAccount" ref="userAccount11" />

	</bean>


	<!-- Complaint -->
	<bean id="complaint1" class="domain.Complaint">
		<property name="ticker" value="041109-A1B2C3" />
		<property name="moment" value="06/06/2018" />
		<property name="description" value="Primera queja de prueba" />
		<property name="numberAttachments" value="1" />
		<property name="referee" ref="referee2"></property>
		<property name="fixUpTask" ref="fixUpTask1"></property>

	</bean>

	<bean id="complaint2" class="domain.Complaint">
		<property name="ticker" value="041109-A1B2C4" />
		<property name="moment" value="06/07/2018" />
		<property name="description" value="segunda queja de prueba" />
		<property name="numberAttachments" value="1" />
		<property name="referee" ref="referee1"></property>
		<property name="fixUpTask" ref="fixUpTask2"></property>
	</bean>

	<bean id="complaint3" class="domain.Complaint">
		<property name="ticker" value="041109-A1B2C5" />
		<property name="moment" value="06/08/2018" />
		<property name="description" value="tercera queja de prueba" />
		<property name="numberAttachments" value="2" />
		<property name="referee" ref="referee1"></property>
		<property name="fixUpTask" ref="fixUpTask1"></property>
	</bean>

	<!-- Report -->
	<bean id="report1" class="domain.Report">
		<property name="moment" value="04/06/2018" />
		<property name="description" value="Primer report de prueba" />
		<property name="published" value="0" />
		<property name="attachment">
			<list>
				<ref bean="attachment1" />
			</list>
		</property>
		<property name="complaint" ref="complaint1" />
	</bean>

	<bean id="report2" class="domain.Report">
		<property name="moment" value="04/06/2018" />
		<property name="description" value="Primer report de prueba" />
		<property name="published" value="0" />
		<property name="attachment">
			<list>
				<ref bean="attachment2" />
			</list>
		</property>
		<property name="complaint" ref="complaint2" />

	</bean>
	<bean id="report3" class="domain.Report">
		<property name="moment" value="04/06/2018" />
		<property name="description" value="Primer report de prueba" />
		<property name="published" value="0" />
		<property name="attachment">
			<list>
				<ref bean="attachment3" />
			</list>
		</property>
		<property name="complaint" ref="complaint3" />
	</bean>
	<!-- <bean id="report2" class="domain.Report"> <property name="moment" value="04/06/2017" 
		/> <property name="description" value="segundo report de prueba" /> <property 
		name="published" value="0" /> <property name="note"> <list> <ref bean="note2" 
		/> </list> </property> <property name="attachment"> <list> <ref bean="attachment2" 
		/> </list> </property> </bean> -->
	<!-- Note -->
	<bean id="note1" class="domain.Note">
		<property name="moment" value="02/06/2018" />
		<property name="comment" value="Primer comentario de prueba" />
		<property name="optionalComments">
			<list>
				<value> Primer comentario de prueba</value>
				<value> Segundo comentario de prueba</value>
			</list>
		</property>
		<property name="report" ref="report1" />
	</bean>

	<bean id="note2" class="domain.Note">
		<property name="moment" value="07/09/2015" />
		<property name="comment" value="segundo comentario de prueba" />
		<property name="optionalComments">
			<list>
			</list>
		</property>
		<property name="report" ref="report2" />
	</bean>

	<bean id="note3" class="domain.Note">
		<property name="moment" value="08/06/2018" />
		<property name="comment" value="tercer comentario de prueba" />
		<property name="optionalComments">
			<null />
		</property>
		<property name="report" ref="report3" />
	</bean>


	<!-- Attachment -->
	<bean id="attachment1" class="domain.Attachment">
		<property name="link" value="https://www.google.com" />

	</bean>
	<bean id="attachment2" class="domain.Attachment">
		<property name="link" value="https://www.amazon.es" />

	</bean>
	<bean id="attachment3" class="domain.Attachment">
		<property name="link" value="https://www.facebook.com" />

	</bean>
	<!-- <bean id="attachment2" class="domain.Attachment"> <property name="link" 
		value="https://www.amazon.es" /> </bean> -->

	<!-- CustomizableFinder -->

	<bean id="customizableFinder1" class="domain.CustomizableFinder">

		<property name="resultNumber" value="30" />
		<property name="timeCache" value="20" />


	</bean>

	<!-- CustomizableSystem -->

	<bean id="customizableSystem1" class="domain.CustomizableSystem">

		<property name="name" value="Ejemplo" />
		<property name="banner" value="https://www.banner.es" />
		<property name="messageWelcomePage" value="Mensaje  de bienvenido" />
		<property name="VATPercentage" value="50" />
		<property name="telephoneCode" value="jhhdgiuuskhhgwdkhg" />


	</bean>

	<!-- Application -->
	<bean id="application1" class="domain.Application">
		<property name="moment" value="02/06/2018 20:12" />
		<property name="status" value="1" />
		<property name="price" value="30" />
		<property name="handyWorker" ref="handyWorker1"></property>
		<property name="comments">
			<list>
				<value> Primer comentario de prueba</value>
				<value> Segundo comentario de prueba</value>
			</list>
		</property>
		<property name="fixUpTask" ref="fixUpTask1" />
		<property name="creditCard" ref="creditCard1" />

	</bean>
	<bean id="application2" class="domain.Application">
		<property name="moment" value="02/06/2017 20:12" />
		<property name="status" value="0" />
		<property name="price" value="50" />
		<property name="handyWorker" ref="handyWorker2"></property>
		<property name="comments">
			<list>
				<value>Aplicacion2</value>
				<value>Aplicacion22</value>
			</list>
		</property>
		<property name="fixUpTask" ref="fixUpTask2" />
		<property name="creditCard" ref="creditCard2" />

	</bean>

	<bean id="application3" class="domain.Application">
		<property name="moment" value="02/06/2017 20:12" />
		<property name="status" value="0" />
		<property name="price" value="50" />
		<property name="handyWorker" ref="handyWorker2"></property>
		<property name="comments">
			<list>
				<value>Aplicacion2</value>
				<value>Aplicacion22</value>
			</list>
		</property>
		<property name="fixUpTask" ref="fixUpTask2" />
		<property name="creditCard" ref="creditCard2" />

	</bean>
	<!-- phase -->
	<bean id="phase1" class="domain.Phase">
		<property name="title" value="Titulo Ejemplo" />
		<property name="description" value="Ejemplo de descripción" />
		<property name="startMoment" value="02/06/2018 20:00" />
		<property name="endMoment" value="02/06/2018 20:10" />
		<property name="application" ref="application1"></property>

	</bean>
	<bean id="phase2" class="domain.Phase">
		<property name="title" value="Titulo Ejemplo fase 2" />
		<property name="description" value="Ejemplo de descripción" />
		<property name="startMoment" value="02/06/2017 20:00" />
		<property name="endMoment" value="02/06/2017 20:10" />
		<property name="application" ref="application2"></property>

	</bean>
	<bean id="phase3" class="domain.Phase">
		<property name="title" value="Titulo Ejemplo fase 3" />
		<property name="description" value="" />
		<property name="startMoment" value="02/06/2016 20:00" />
		<property name="endMoment" value="02/06/2016 20:10" />
		<property name="application" ref="application2"></property>

	</bean>
	<bean id="phase4" class="domain.Phase">
		<property name="title" value="Titulo Ejemplo fase 4" />
		<property name="description" value="Ejemplo de descripción" />
		<property name="startMoment" value="02/06/2016 20:00" />
		<property name="endMoment">
			<null />
		</property>
		<property name="application" ref="application3"></property>

	</bean>

	<!-- Customer -->
	<bean id="customer1" class="domain.Customer">
		<property name="name" value="Anton"></property>
		<property name="surname" value="Seg"></property>
		<property name="photo" value="https://i.blogs.es/dcc721/url1/450_1000.jpg"></property>
		<property name="email" value="antonio_alandalus@hotmail.com" />
		<property name="score" value="10" />
		<property name="endorseCustomer">
			<list>
				<ref bean="endorsement1" />
				<ref bean="endorsement2" />
			</list>
		</property>
		<property name="receiveEndorseFromCustomer">
			<list>
				<ref bean="endorsement3" />
				<ref bean="endorsement4" />
			</list>
		</property>
		<property name="userAccount" ref="userAccount5" />
	</bean>


	<bean id="customer2" class="domain.Customer">
		<property name="name" value="Jesus"></property>
		<property name="surname" value="Elias"></property>
		<property name="email" value="jesusdp@hotmail.com" />
		<property name="score" value="9" />
		<property name="endorseCustomer">
			<list>
				<ref bean="endorsement5" />
			</list>
		</property>
		<property name="receiveEndorseFromCustomer">
			<list>
				<ref bean="endorsement6" />
			</list>
		</property>
		<property name="userAccount" ref="userAccount6" />
	</bean>

	<bean id="customer3" class="domain.Customer">
		<property name="name" value="Pablo"></property>
		<property name="surname" value="Ruíz"></property>
		<property name="email" value="pablo@hotmail.com" />
		<property name="score" value="9" />
		<property name="endorseCustomer">
			<list>
				<ref bean="endorsement5" />
			</list>
		</property>
		<property name="receiveEndorseFromCustomer">
			<list>
				<ref bean="endorsement6" />
			</list>
		</property>
		<property name="userAccount" ref="userAccount7" />
	</bean>

	<bean id="customer4" class="domain.Customer">
		<property name="name" value="María"></property>
		<property name="surname" value="Rodriguez"></property>
		<property name="email" value="maria@hotmail.com" />
		<property name="score" value="9" />
		<property name="endorseCustomer">
			<list>
				<ref bean="endorsement1" />
			</list>
		</property>
		<property name="receiveEndorseFromCustomer">
			<list>
				<ref bean="endorsement2" />
			</list>
		</property>
		<property name="userAccount" ref="userAccount8" />
	</bean>


	<!-- Filter -->
	<bean id="filter1" class="domain.Filter">
		<property name="ticker" value="123412-09pplm" />
		<property name="description" value="lo describo" />
		<property name="address" value="pongo direccion" />
		<property name="startDate" value="01/02/2015 23:59" />
		<property name="endDate" value="02/02/2015 23:59" />
		<property name="lowPrice" value="12" />
		<property name="highPrice" value="14" />
		<property name="warranty" ref="warranty1" />
		<property name="category" ref="soonCategory1" />
	</bean>

	<!-- Finder -->
	<bean id="finder1" class="domain.Finder">
		<property name="moment" value="01/02/2015 23:59" />
		<property name="fixUpTask">
			<list>
				<ref bean="fixUpTask1" />
			</list>
		</property>
		<property name="filter" ref="filter1" />
	</bean>
	
	<bean id="finder2" class="domain.Finder">
		<property name="moment" value="01/02/2015 23:59" />
		<property name="fixUpTask">
			<list>
				<ref bean="fixUpTask1" />
			</list>
		</property>
		<property name="filter" ref="filter1" />
	</bean>
	
	<bean id="finder3" class="domain.Finder">
		<property name="moment" value="01/02/2015 23:59" />
		<property name="fixUpTask">
			<list>
				<ref bean="fixUpTask1" />
			</list>
		</property>
		<property name="filter" ref="filter1" />
	</bean>
	
	<bean id="finder4" class="domain.Finder">
		<property name="moment" value="01/02/2015 23:59" />
		<property name="fixUpTask">
			<list>
				<ref bean="fixUpTask1" />
			</list>
		</property>
		<property name="filter" ref="filter1" />
	</bean>
	
	<bean id="finder5" class="domain.Finder">
		<property name="moment" value="01/02/2015 23:59" />
		<property name="fixUpTask">
			<list>
				<ref bean="fixUpTask1" />
			</list>
		</property>
		<property name="filter" ref="filter1" />
	</bean>

	<!-- FixUpTask -->
	<bean id="fixUpTask1" class="domain.FixUpTask">
		<property name="ticker" value="091278-mknjbh" />
		<property name="moment" value="01/02/2015 23:59" />
		<property name="description" value="lo describo2" />
		<property name="address" value="pongo direccion2" />
		<property name="maximunPrice" value="12" />
		<property name="periodTime" value="1" />

		<property name="category" ref="soonCategory1" />
		<property name="warranty" ref="warranty1" />
		<property name="application">
			<list>

				<ref bean="application2" />
			</list>
		</property>
		<property name="customer" ref="customer1" />
	</bean>

	<bean id="fixUpTask2" class="domain.FixUpTask">
		<property name="ticker" value="787856-0998se" />
		<property name="moment" value="01/02/2014 23:59" />
		<property name="description" value="lo" />
		<property name="address" value="pono" />
		<property name="maximunPrice" value="20" />
		<property name="periodTime" value="1" />

		<property name="category" ref="soonCategory2" />
		<property name="warranty" ref="warranty2" />
		<property name="application">
			<list>
				<ref bean="application1" />
				<ref bean="application2" />
			</list>
		</property>
		<property name="customer" ref="customer2" />
	</bean>

	<bean id="fixUpTask3" class="domain.FixUpTask">
		<property name="ticker" value="131212-2345de" />
		<property name="moment" value="01/02/2015 23:59" />
		<property name="description" value="TAREA3" />
		<property name="address" value="nose" />
		<property name="maximunPrice" value="21" />
		<property name="periodTime" value="1" />

		<property name="category" ref="soonCategory2" />
		<property name="warranty" ref="warranty2" />
		<property name="application">
			<list>
				<ref bean="application1" />
				<ref bean="application2" />
			</list>
		</property>
		<property name="customer" ref="customer1" />
	</bean>

	<bean id="fixUpTask4" class="domain.FixUpTask">
		<property name="ticker" value="130012-2345de" />
		<property name="moment" value="01/08/2017 15:00" />
		<property name="description" value="Tarea4" />
		<property name="address" value="MADRID" />
		<property name="maximunPrice" value="14" />
		<property name="periodTime" value="5" />

		<property name="category" ref="parentCategory" />
		<property name="warranty" ref="warranty3" />
		<property name="application">
			<list>
				<ref bean="application1" />
				<ref bean="application2" />
			</list>
		</property>
		<property name="customer" ref="customer1" />
	</bean>

	<bean id="fixUpTask5" class="domain.FixUpTask">
		<property name="ticker" value="180012-2345de" />
		<property name="moment" value="04/08/2017 15:00" />
		<property name="description" value="Tarea5" />
		<property name="address" value="MADRID" />
		<property name="maximunPrice" value="14" />
		<property name="periodTime" value="5" />

		<property name="category" ref="parentCategory" />
		<property name="warranty" ref="warranty3" />
		<property name="application">
			<list>
				<ref bean="application1" />
				<ref bean="application2" />
			</list>
		</property>
		<property name="customer" ref="customer2" />
	</bean>

	<bean id="fixUpTask6" class="domain.FixUpTask">
		<property name="ticker" value="000012-2345de" />
		<property name="moment" value="01/08/2017 15:00" />
		<property name="description" value="Tarea6" />
		<property name="address" value="BARCELONA" />
		<property name="maximunPrice" value="1" />
		<property name="periodTime" value="2" />

		<property name="category" ref="parentCategory" />
		<property name="warranty" ref="warranty1" />
		<property name="application">
			<list>
				<ref bean="application1" />
				<ref bean="application2" />
			</list>
		</property>
		<property name="customer" ref="customer3" />
	</bean>

	<!-- HandyWorker -->
	<bean id="handyWorker1" class="domain.HandyWorker">
		<property name="name" value="Anton"></property>
		<property name="surname" value="Seg"></property>
		<property name="email" value="antonioArahal@hotmail.com" />
		<property name="makeHandyWorker" value="HandyWorker1" />
		<property name="score" value="1" />
		<property name="finder" ref="finder1"/>
		<property name="endorseHWorker">
			<list>
				<ref bean="endorsement1" />
			</list>
		</property>
		<property name="receiveEndorseFromHWorker">
			<list>
				<ref bean="endorsement1" />
			</list>
		</property>
		<property name="application">
			<list>
				<ref bean="application1" />
			</list>
		</property>
		<property name="userAccount" ref="userAccount16" />
	</bean>

	<bean id="handyWorker2" class="domain.HandyWorker">
		<property name="name" value="Raul"></property>
		<property name="surname" value="Seg"></property>
		<property name="email" value="raul@hotmail.com" />
		<property name="makeHandyWorker" value="HandyWorker2" />
		<property name="score" value="2" />
		<property name="finder" ref="finder2"/>
		<property name="endorseHWorker">
			<list>
				<ref bean="endorsement2" />
			</list>
		</property>
		<property name="receiveEndorseFromHWorker">
			<list>
				<ref bean="endorsement1" />
			</list>
		</property>
		<property name="application">
			<list>
				<ref bean="application2" />
			</list>
		</property>
		<property name="userAccount" ref="userAccount17" />
	</bean>

	<bean id="handyWorker3" class="domain.HandyWorker">
		<property name="name" value="Jesus"></property>
		<property name="surname" value="Elias"></property>
		<property name="email" value="ecija@hotmail.com" />
		<property name="makeHandyWorker" value="HandyWorker3" />
		<property name="score" value="10" />
		<property name="finder" ref="finder3"/>
		<property name="endorseHWorker">
			<list>
				<ref bean="endorsement3" />
			</list>
		</property>
		<property name="receiveEndorseFromHWorker">
			<list>
				<ref bean="endorsement1" />
			</list>
		</property>
		<property name="application">
			<list>
				<ref bean="application3" />
			</list>
		</property>
		<property name="userAccount" ref="userAccount18" />
	</bean>

	<bean id="handyWorker4" class="domain.HandyWorker">
		<property name="name" value="Roberto"></property>
		<property name="surname" value="Martinez"></property>
		<property name="email" value="rober@hotmail.com" />
		<property name="makeHandyWorker" value="@Robert" />
		<property name="score" value="3" />
		<property name="finder" ref="finder4"/>
		<property name="endorseHWorker">
			<list>

			</list>
		</property>
		<property name="receiveEndorseFromHWorker">
			<list>
				<ref bean="endorsement1" />
			</list>
		</property>
		<property name="application">
			<list>
				<ref bean="application3" />
			</list>
		</property>
		<property name="userAccount" ref="userAccount19" />
	</bean>

	<bean id="handyWorker5" class="domain.HandyWorker">
		<property name="name" value="India"></property>
		<property name="surname" value="Perez"></property>
		<property name="email" value="india@hotmail.com" />
		<property name="makeHandyWorker" value="@India" />
		<property name="score" value="56" />
		<property name="finder" ref="finder5"/>
		<property name="endorseHWorker">
			<list>
				<ref bean="endorsement6" />
			</list>
		</property>
		<property name="receiveEndorseFromHWorker">
			<list>

			</list>
		</property>
		<property name="application">
			<list>
				<ref bean="application1" />
			</list>
		</property>
		<property name="userAccount" ref="userAccount20" />
	</bean>


	<!-- Endorsement -->
	<bean id="endorsement1" class="domain.Endorsement">
		<property name="moment" value="12/12/2012 12:12" />
		<property name="comments">
			<list>
				<value>Coment1</value>
				<value>Coment2</value>
			</list>
		</property>
		<property name="handyWorkerSender" ref="handyWorker1" />
		<property name="handyWorkerReceiver" ref="handyWorker1" />
		<property name="customerSender" ref="customer1" />
		<property name="customerReceiver" ref="customer1" />

	</bean>
	<bean id="endorsement2" class="domain.Endorsement">
		<property name="moment" value="12/12/2012 12:12" />
		<property name="comments">
			<list>
				<value>Coment1</value>
				<value>Coment2</value>
			</list>
		</property>
		<property name="handyWorkerSender" ref="handyWorker1" />
		<property name="handyWorkerReceiver" ref="handyWorker1" />
		<property name="customerSender" ref="customer1" />
		<property name="customerReceiver" ref="customer1" />
	</bean>

	<bean id="endorsement3" class="domain.Endorsement">
		<property name="moment" value="12/12/2012 12:12" />
		<property name="comments">
			<list>
				<value>Coment1</value>
				<value>Coment2</value>
			</list>
		</property>
		<property name="handyWorkerSender" ref="handyWorker1" />
		<property name="handyWorkerReceiver" ref="handyWorker1" />
		<property name="customerSender" ref="customer1" />
		<property name="customerReceiver" ref="customer1" />
	</bean>

	<bean id="endorsement4" class="domain.Endorsement">
		<property name="moment" value="12/12/2012 12:12" />
		<property name="comments">
			<list>
				<value>Coment1</value>
				<value>Coment2</value>
			</list>
		</property>
		<property name="handyWorkerSender" ref="handyWorker1" />
		<property name="handyWorkerReceiver" ref="handyWorker1" />
		<property name="customerSender" ref="customer1" />
		<property name="customerReceiver" ref="customer1" />
	</bean>

	<bean id="endorsement5" class="domain.Endorsement">
		<property name="moment" value="13/12/2012 12:12" />
		<property name="comments">
			<list>
				<value>Coment1</value>
				<value>Coment2</value>
			</list>
		</property>
		<property name="handyWorkerSender" ref="handyWorker2" />
		<property name="handyWorkerReceiver" ref="handyWorker2" />
		<property name="customerSender" ref="customer2" />
		<property name="customerReceiver" ref="customer2" />
	</bean>

	<bean id="endorsement6" class="domain.Endorsement">
		<property name="moment" value="14/12/2012 12:12" />
		<property name="comments">
			<list>
				<value>Coment1</value>
				<value>Coment2</value>
			</list>
		</property>
		<property name="handyWorkerSender" ref="handyWorker3" />
		<property name="handyWorkerReceiver" ref="handyWorker3" />
		<property name="customerSender" ref="customer2" />
		<property name="customerReceiver" ref="customer2" />
	</bean>



	<!-- Tutorial -->
	<bean id="tutorial1" class="domain.Tutorial">
		<property name="title" value="Titulo del primer tutorial"></property>
		<property name="moment" value="05/06/2018 11:30"></property>
		<property name="summary" value="Breve resumen del primer tutorial"></property>
		<property name="picture">
			<list>
				<ref bean="picture1" />
				<ref bean="picture2" />
			</list>
		</property>
		<property name="section">
			<list>
				<ref bean="section1" />
				<ref bean="section2" />
			</list>
		</property>
		<property name="sponsorship">
			<list>
				<ref bean="sponsorship1" />
			</list>
		</property>
		<property name="handyWorker" ref="handyWorker1"></property>
	</bean>

	<bean id="tutorial2" class="domain.Tutorial">
		<property name="title" value="Titulo del segundo tutorial"></property>
		<property name="moment" value="05/06/2017 11:30"></property>
		<property name="summary" value="Breve resumen del segundo tutorial"></property>
		<property name="picture">
			<list>
				<ref bean="picture1" />
				<ref bean="picture2" />
			</list>
		</property>
		<property name="section">
			<list>
				<ref bean="section4" />
				<ref bean="section3" />
			</list>
		</property>
		<property name="sponsorship">
			<list>
				<ref bean="sponsorship2" />
			</list>
		</property>
		<property name="handyWorker" ref="handyWorker2"></property>
	</bean>

	<bean id="tutorial3" class="domain.Tutorial">
		<property name="title" value="Titulo del Tercer tutorial"></property>
		<property name="moment" value="05/06/2017 11:30"></property>
		<property name="summary" value="Breve resumen del segundo tutorial"></property>
		<property name="picture">
			<list>
				<ref bean="picture3" />

			</list>
		</property>
		<property name="section">
			<list>
				<ref bean="section5" />
			</list>
		</property>
		<property name="sponsorship">
			<list>
				<ref bean="sponsorship3" />
			</list>
		</property>
		<property name="handyWorker" ref="handyWorker3"></property>
	</bean>
</beans>